{
	"pattrstorage" : 	{
		"name" : "u320003729",
		"slots" : 		{
			"1" : 			{
				"id" : 1,
				"data" : 				{
					"bp.RISE Keyboard::gate" : [ 0 ],
					"bp.Wavetable::Bank" : [ 2.0 ],
					"bp.Wavetable::CV2" : [ 0.0 ],
					"bp.Wavetable::Mute" : [ 0.0 ],
					"bp.Wavetable::Offset[2]" : [ 0.0 ],
					"bp.Wavetable::PositionCV" : [ 100.0 ],
					"bp.Wavetable::PositionCV[1]" : [ 0.0 ],
					"bp.Wavetable::Wave" : [ 1.0 ],
					"bp.Wavetable::Wavetable" : [ 1.0 ],
					"bp.Mono[1]::Channel" : [ 1.0 ],
					"bp.Mono[1]::mute" : [ 0.0 ],
					"bp.Graphic ADSR::Domain" : [ 1000.0 ],
					"bp.Graphic ADSR::DomainCV_Amt" : [ 0.0 ],
					"bp.Graphic ADSR::function" : [ 1000.0, 0.0, 1.0, 0.0, 0.0, 0, 0.0, 49.566276000000002, 1.0, 0, 0.395, 211.196270999999996, 0.702128, 2, -0.345, 715.481875118777793, 0.0, 0, -0.7, "curve" ],
					"bp.Graphic ADSR::mute" : [ 0.0 ],
					"bp.VCA::Bypass" : [ 0.0 ],
					"bp.VCA::Quadrants" : [ 0.0 ],
					"bp.VCA::Response" : [ 0.0 ],
					"bp.Spectral Filter::EditMode" : [ 0.0 ],
					"bp.Spectral Filter::Response" : [ 1.0 ],
					"bp.Spectral Filter::bypass" : [ 0.0 ],
					"bp.Spectral Filter::multislider" : [ 0.089125983417034, 0.12980954349041, 0.139980435371399, 0.150151327252388, 0.160322219133377, 0.170493111014366, 0.180664002895355, 0.190834894776344, 0.211176678538322, 0.217957273125648, 0.224737867712975, 0.231518462300301, 0.238299056887627, 0.245079651474953, 0.25186026096344, 0.258640855550766, 0.265421450138092, 0.272202044725418, 0.282372921705246, 0.292543828487396, 0.298355758190155, 0.304167687892914, 0.309979647397995, 0.315791577100754, 0.321603506803513, 0.327415436506271, 0.333227396011353, 0.333227396011353, 0.333227396011353, 0.339039325714111, 0.34485125541687, 0.350663214921951, 0.35647514462471, 0.362287074327469, 0.368099004030228, 0.373910963535309, 0.373910963535309, 0.379722893238068, 0.385534822940826, 0.391346782445908, 0.397158712148666, 0.402970641851425, 0.408782571554184, 0.414594531059265, 0.414594531059265, 0.414594531059265, 0.516303420066833, 0.536645233631134, 0.4756198823452, 0.394252747297287, 0.353569179773331, 0.312885612249374, 0.25186026096344, 0.221347570419312, 0.211176678538322, 0.211176678538322, 0.211176678538322, 0.211176678538322, 0.211176678538322, 0.221347570419312, 0.231518462300301, 0.231518462300301, 0.25186026096344, 0.25186026096344, 0.25186026096344, 0.292543828487396, 0.333227396011353, 0.434936314821243, 0.4756198823452, 0.516303420066833, 0.55698698759079, 0.57732880115509, 0.57732880115509, 0.57732880115509, 0.57732880115509, 0.57732880115509, 0.57732880115509, 0.57732880115509, 0.57732880115509, 0.57732880115509, 0.57732880115509, 0.57732880115509, 0.516303420066833, 0.485790759325027, 0.455278098583221, 0.434936314821243, 0.414594531059265, 0.384081840515137, 0.353569179773331, 0.333227396011353, 0.292543828487396, 0.231518462300301, 0.25186026096344, 0.25186026096344, 0.272202044725418, 0.292543828487396, 0.312885612249374, 0.373910963535309, 0.394252747297287, 0.740063071250916, 0.740063071250916, 0.740063071250916, 0.740063071250916, 0.740063071250916, 0.729892194271088, 0.719721257686615, 0.712940692901611, 0.706160068511963, 0.699379503726959, 0.685818314552307, 0.672257125377655, 0.658695936203003, 0.190834894776344, 0.170493111014366, 0.170493111014366, 0.170493111014366, 0.170493111014366, 0.170493111014366, 0.170493111014366, 0.170493111014366, 0.170493111014366, 0.170493111014366, 0.170493111014366, 0.190834894776344, 0.211176678538322, 0.221347570419312, 0.25186026096344, 0.25186026096344, 0.25186026096344, 0.272202044725418, 0.292543828487396, 0.292543828487396, 0.302714705467224, 0.333227396011353, 0.353569179773331, 0.373910963535309, 0.414594531059265, 0.455278098583221, 0.485790759325027, 0.516303420066833, 0.536645233631134, 0.55698698759079, 0.597670555114746, 0.611231744289398, 0.62479293346405, 0.638354122638702, 0.648525059223175, 0.658695936203003, 0.679037690162659, 0.685818314552307, 0.692598879337311, 0.699379503726959, 0.699379503726959, 0.719721257686615, 0.719721257686615, 0.719721257686615, 0.679037690162659, 0.638354122638702, 0.618012368679047, 0.597670555114746, 0.55698698759079, 0.516303420066833, 0.465448975563049, 0.333227396011353, 0.292543828487396, 0.190834894776344, 0.12980954349041, 0.089125983417034, 0.068784199655056, 0.048442412167788, 0.048442412167788, 0.048442412167788, 0.007758844643831, 0.005172563251108, 0.002586281625554, 0.0, 0.0, 0.0, 0.0, 0.0, 0.0, 0.0, 0.0, 0.0, 0.0, 0.0, 0.0, 0.0, 0.0, 0.0, 0.0, 0.0, 0.0, 0.0, 0.0, 0.0, 0.0, 0.0, 0.0, 0.0, 0.0, 0.0, 0.0, 0.0, 0.0, 0.0, 0.0, 0.0, 0.0, 0.0, 0.0, 0.0, 0.0, 0.0, 0.0, 0.0, 0.007758844643831, 0.007758844643831, 0.028100628405809, 0.068784199655056, 0.068784199655056, 0.089125983417034, 0.089125983417034, 0.099296875298023, 0.109467767179012, 0.109467767179012, 0.119638659060001, 0.12980954349041, 0.12980954349041, 0.12980954349041, 0.12980954349041, 0.133877903223038, 0.137946262955666, 0.142014622688293, 0.14608296751976, 0.150151327252388, 0.150151327252388, 0.150151327252388, 0.150151327252388, 0.150151327252388, 0.170493111014366, 0.170493111014366, 0.170493111014366, 0.170493111014366, 0.170493111014366, 0.170493111014366, 0.170493111014366, 0.170493111014366, 0.170493111014366, 0.170493111014366, 0.170493111014366, 0.170493111014366, 0.170493111014366, 0.170493111014366, 0.170493111014366, 0.0 ],