{
	"contacts" : 8,
	"2" : 	{
		"x" : 153.37890625,
		"y" : 4.94140625,
		"force" : 25.75,
		"area" : 50.0,
		"ellipse" : 		{
			"orientation" : 89.9375,
			"major_axis" : 10.0,
			"minor_axis" : 10.0
		}
,
		"deltas" : 		{
			"x" : 0.0,
			"y" : 0.0,
			"force" : 0.0,
			"area" : 50.0
		}
,
		"bounding_box" : 		{
			"min_x" : 150.0,
			"min_y" : 5.0,
			"max_x" : 155.0,
			"max_y" : 5.0
		}
,
		"peak" : 		{
			"x" : 155.0,
			"y" : 5.0,
			"force" : 8.875
		}

	}
,
	"3" : 	{
		"x" : 77.74609375,
		"y" : 4.8046875,
		"force" : 13.75,
		"area" : 50.0,
		"ellipse" : 		{
			"orientation" : 90.0625,
			"major_axis" : 10.01171875,
			"minor_axis" : 10.0
		}
,
		"deltas" : 		{
			"x" : 0.0,
			"y" : 0.0,
			"force" : -0.125,
			"area" : 50.0
		}
,
		"bounding_box" : 		{
			"min_x" : 75.0,
			"min_y" : 5.0,
			"max_x" : 80.0,
			"max_y" : 5.0
		}
,
		"peak" : 		{
			"x" : 80.0,
			"y" : 5.0,
			"force" : 4.375
		}

	}
,
	"4" : 	{
		"x" : 152.0234375,
		"y" : 121.73828125,
		"force" : 13.25,
		"area" : 75.0,
		"ellipse" : 		{
			"orientation" : -132.0625,
			"major_axis" : 11.34765625,
			"minor_axis" : 10.0
		}
,
		"deltas" : 		{
			"x" : 0.0,
			"y" : 0.0,
			"force" : 0.0,
			"area" : 75.0
		}
,
		"bounding_box" : 		{
			"min_x" : 150.0,
			"min_y" : 120.0,
			"max_x" : 155.0,
			"max_y" : 125.0
		}
,
		"peak" : 		{
			"x" : 155.0,
			"y" : 120.0,
			"force" : 3.125
		}

	}
,
	"6" : 	{
		"x" : 92.359375,
		"y" : 19.546875,
		"force" : 107.75,
		"area" : 184.0,
		"ellipse" : 		{
			"orientation" : -32.375,
			"major_axis" : 12.4609375,
			"minor_axis" : 10.5703125
		}
,
		"deltas" : 		{
			"x" : 0.0078125,
			"y" : 0.0234375,
			"force" : -1.0,
			"area" : 184.0
		}
,
		"bounding_box" : 		{
			"min_x" : 90.0,
			"min_y" : 15.0,
			"max_x" : 100.0,
			"max_y" : 25.0
		}
,
		"peak" : 		{
			"x" : 90.0390625,
			"y" : 20.0,
			"force" : 22.5
		}

	}
,
	"8" : 	{
		"x" : 160.5703125,
		"y" : 43.51953125,
		"force" : 128.875,
		"area" : 193.0,
		"ellipse" : 		{
			"orientation" : -63.8125,
			"major_axis" : 11.4765625,
			"minor_axis" : 11.1875
		}
,
		"deltas" : 		{
			"x" : -0.0078125,
			"y" : 0.03125,
			"force" : -1.625,
			"area" : 193.0
		}
,
		"bounding_box" : 		{
			"min_x" : 155.0,
			"min_y" : 40.0,
			"max_x" : 165.0,
			"max_y" : 50.0
		}
,
		"peak" : 		{
			"x" : 160.0,
			"y" : 45.0,
			"force" : 27.0
		}

	}
,
	"10" : 	{
		"x" : 167.0234375,
		"y" : 93.9921875,
		"force" : 144.5,
		"area" : 171.0,
		"ellipse" : 		{
			"orientation" : -15.25,
			"major_axis" : 12.1171875,
			"minor_axis" : 10.21875
		}
,
		"deltas" : 		{
			"x" : -0.01171875,
			"y" : 0.01953125,
			"force" : -0.625,
			"area" : 171.0
		}
,
		"bounding_box" : 		{
			"min_x" : 160.0,
			"min_y" : 90.0,
			"max_x" : 170.0,
			"max_y" : 105.0
		}
,
		"peak" : 		{
			"x" : 165.0390625,
			"y" : 95.0,
			"force" : 30.375
		}

	}
,
	"11" : 	{
		"x" : 52.05859375,
		"y" : 88.87890625,
		"force" : 435.25,
		"area" : 234.0,
		"ellipse" : 		{
			"orientation" : -28.25,
			"major_axis" : 14.24609375,
			"minor_axis" : 12.0
		}
,
		"deltas" : 		{
			"x" : 0.00390625,
			"y" : 0.015625,
			"force" : -2.625,
			"area" : 234.0
		}
,
		"bounding_box" : 		{
			"min_x" : 45.0,
			"min_y" : 85.0,
			"max_x" : 60.0,
			"max_y" : 100.0
		}
,
		"peak" : 		{
			"x" : 50.0390625,
			"y" : 90.0,
			"force" : 82.625
		}

	}
,
	"12" : 	{
		"x" : 139.1484375,
		"y" : 21.4296875,
		"force" : 120.375,
		"area" : 160.0,
		"ellipse" : 		{
			"orientation" : -71.8125,
			"major_axis" : 11.203125,
			"minor_axis" : 10.0
		}
,
		"deltas" : 		{
			"x" : 0.0,
			"y" : 0.0,
			"force" : -0.625,
			"area" : 160.0
		}
,
		"bounding_box" : 		{
			"min_x" : 135.0,
			"min_y" : 15.0,
			"max_x" : 145.0,
			"max_y" : 25.0
		}
,
		"peak" : 		{
			"x" : 140.0,
			"y" : 20.0,
			"force" : 26.25
		}

	}

}
